{
  "name": "angular-route",
  "version": "1.4.6",
  "main": "./angular-route.js",
  "ignore": [],
  "dependencies": {
    "angular": "1.4.6"
  },
  "homepage": "https://github.com/angular/bower-angular-route",
  "_release": "1.4.6",
  "_resolution": {
    "type": "version",
    "tag": "v1.4.6",
    "commit": "3372cf63c4e9bfc1bb827b54bd9267a9943c4822"
  },
  "_source": "git://github.com/angular/bower-angular-route.git",
  "_target": "1.4.6",
  "_originalSource": "angular-route",
  "_direct": true
}